customer_id,trade_name,legal_entity_name,trn,source_row,source_contract_number
CUST-0001,Calicut Restaurant,,,2,1330/25
CUST-0002,LAHDAHT JAMA BEAUTY CENTER,,,3,1070/25
CUST-0003,BURJ BABILFOOD STUF,,,4,1064/25
CUST-0004,SINNA AUTO BAKERY,,,5,1009/25
CUST-0005,Naseem albarary market,,,6,10014/25
CUST-0006,JEREESH RESTAURANT,,,7,1071/25
CUST-0007,ALSAMA ALSAFI SALOON,,,8,10015/25
CUST-0008,CAESARS REST&CONFECTIONERY BR 1,,,9,10016/25
CUST-0009,SHIFA ALJAZEERA PHARMACY,,,10,10016/25
CUST-0010,HSH /DUBAI FARM,,,11,10017/25
CUST-0011,QASIR AL ZAYTON GENTS SALON,,,12,10018/25
CUST-0012,ALNADA M.CENTER,,,13,10019/25
CUST-0013,GOLDEN SILK RETAURANT,,,14,10020/25
CUST-0014,CAESAR WAREHOUSE,,,15,10021/25
CUST-0015,BREAD &BUTTER CAFETERI,,,16,10022/25
CUST-0016,CALICUT WAREHOUSE,,,17,10023/25
CUST-0017,YUMMY TASTE CAFETERIA,,,18,10023/25
CUST-0018,ARYAAS GOURMET VEG,,,19,10024/25
CUST-0019,KADER ABDUL KADERCAFET,,,20,10025/25
CUST-0020,AL MASHAIER ALLJAMILAH SALO,,,21,10026/25
CUST-0021,DAR BARAKAH SALON,,,22,10027/25
CUST-0022,SAGAA SPA,,,23,10028/25
CUST-0023,AWANEY BR 5,,,24,10029/25
CUST-0024,AWANEY RESTAURANT,,,25,10030/25
CUST-0025,AWANEY RESTAURANT 3,,,26,10031/25
CUST-0026,SULTAN ALARAB REST,,,27,10032/25
CUST-0027,DUBAI DATES FACTORY,,,28,10033/25
CUST-0028,EMIRATES AMERICAN SCHOOL,,,29,10034/25
CUST-0029,ALMAWRID PRINTING,,,30,1035/25
CUST-0030,AROUSE ALREMAL GROCERY,,,31,1036/25
CUST-0031,Mohammed abdulla bldg,,,32,1037/25
CUST-0032,Shaikha hamdan rashid,,,33,1038/25
CUST-0033,ALMAWRID PRINTING,,,34,1039/25
CUST-0034,MOHAMED SHAH/SWEET,,,35,1040/25
CUST-0035,SHAIKHA AMAL,,,36,1041/25
CUST-0036,FULL MOON RESTAURANT,,,37,1042/25
CUST-0037,LUZON DENTAL,,,38,1043/25
CUST-0038,TARIQ ALTAMYOZ GROC,,,39,1044/25
CUST-0039,BARAKAT BACKERY,,,40,1045/25
CUST-0040,SALEM MOD MAJED,,,41,1046/25
CUST-0041,alyam beaty center,,,42,1047/25
CUST-0042,seven OAKS NURSERY,,,43,1048/25
CUST-0043,ALFAWZAN HSALON,,,44,1049/25
CUST-0044,CAESAR R.C,,,45,1050/25
CUST-0045,CAESAR,,,46,1051/25
CUST-0046,FISH ISLAND RETAURANT,,,47,1052/25
CUST-0047,AL ATLAL ROASTRY,,,48,1053/25
CUST-0048,M. AL HASSAN.MED CEN,,,49,1054/25
CUST-0049,AL IMAN E. URSERY,,,50,1055/25
CUST-0050,FAYHA JE.GOLD FACTORY,,,51,1056/25
CUST-0051,LEADER REALESTATE,,,52,1057/25
CUST-0052,ALDHAID MALL BLDG,,,53,1058/25
CUST-0053,ALKHATAR SUPER MARKET,,,54,1059/25
CUST-0054,SHIHAB ALMADINA GROCERY,,,55,1060/25
CUST-0055,GLOBAL &SUMAN ROASTRY,,,56,1061/25
CUST-0056,FIC.RESTAURANT,,,57,1062/25
CUST-0057,FAKHR MUWAILEH GROCERY,,,58,1063/25
CUST-0058,BUN&BURR CAFÉ,,,59,1064/25
CUST-0059,SAFAD BUILDING,,,60,1065/25
CUST-0060,FATIMA ALMARZOOQI BEAUTY&SPA,,,61,1066/25
CUST-0061,SUNSET COSMETICS TR,,,62,1067/25
CUST-0062,ARYAAS GOURMET VEV RESTAU,,,63,1068/25
CUST-0063,ALMANARAH AL MUDHIA CAFETERIA,,,64,1069/25
CUST-0064,HOME PARK RESTAURANT L.L.C,,,65,:1070/25
CUST-0065,ALBASSAM TOWER,,,66,1071/25
CUST-0066,ALNAHLA REST,,,67,1072/25
CUST-0067,ZAYTOON&ZAATAR FOODSTUFF,,,68,1073/25
CUST-0068,ALATLAL ROASTRY,,,69,1074/25
CUST-0069,SHATEE ALMADEENA RES,,,70,1075/25
CUST-0070,MANARAT AL QARAIEN GROCERY,,,71,1076/25
CUST-0071,ALZAHRA GROCERY,,,72,1077/25
CUST-0072,ALIRSHAD SUPER MARKET,,,73,1078/25
CUST-0073,leaders futness shj br,,,74,1079/25
CUST-0074,HADEQATUDUPI REST,,,75,1080/25
CUST-0075,ALGHAZALROASTRY,,,76,1081/25
CUST-0076,MANARA ALSAJAA HAIRDESSING,,,77,1082/25
CUST-0077,MAKEK ALJAWADA CAFETERIA,,,78,1083/25
CUST-0078,AL ALAMIAH MEDICAL EQUIP&DRUGS,,,79,1084/25
CUST-0079,SARAH ALI PHARMACY,,,80,1085/25
CUST-0080,ZAWYA ALEBTEKAR HAIRDRE SAL,,,81,1086/25
CUST-0081,WARDAT MUWAILEH SALOON,,,82,1087/25
CUST-0082,RUKN ALRAHA LADIES SALON,,,83,1088/25
CUST-0083,ALO BARBARRESTAURANT,,,84,1089/25
CUST-0084,RASHEDA HAIR DRESSER SALON,,,85,1090/25
CUST-0085,AL MAHMAL RES. L.L.C,,,86,1091/25
CUST-0086,AL IKHTAYAR AL AREEF ROASTRY,,,87,1092/25
CUST-0087,TEAOASIS CAFÉ,,,88,1093/25
CUST-0088,SULTAN ALARAB REST,,,89,1094/25
CUST-0089,SULTAN ALARAB REST,,,90,1095/25
CUST-0090,SULTAN ALARAB REST,,,91,1096/25
CUST-0091,SULTAN ALARAB REST,,,92,1097/25
CUST-0092,SULTAN ALARAB REST,,,93,1098/25
CUST-0093,PEAR BEEBEAUTY SALON,,,94,1099/25
CUST-0094,ALMARJAN SALON,,,95,1100/25
CUST-0095,WHITE SPOT,,,96,1101/25
CUST-0096,TAREEQ AL HANAA GROCERY,,,97,1102/25
CUST-0097,AL FARAJ BUILDING,,,98,1103/25
CUST-0098,TAJ CALICUT. REST,,,99,1104/25
CUST-0099,BLOSSOM EDUCATION INVESTMENT,,,100,1105/25
CUST-0100,ALZAEEM CAFETERIA &PASTRY,,,101,1106/25
CUST-0101,MERINT LLC,,,102,1107/25
CUST-0102,MUMTAZ HYPER MARKET,,,103,1108/25
CUST-0103,NEW GENERATION FOOD SUPPLE,,,104,1109/25
CUST-0104,AL WAKEEL BAKERY,,,105,1110/26
CUST-0105,AL BAMBOO CHINESE REST.,,,106,1111/26
CUST-0106,KOSOVO GROCERY,,,107,1112/26
CUST-0107,SEVEN EMIRATES CAFETERIA,,,108,1113/26
CUST-0108,DABABIS GROCERY,,,109,1114/26
CUST-0109,MASAR BODY BUILDING,,,110,1115/26
CUST-0110,BASEMAH TOWER,,,111,1116/26
CUST-0111,FRIDAY CORNER CAFETERIA,,,112,1117/26
CUST-0112,VISION ADHESIVE LABELS,,,113,1118/26
CUST-0113,ERVICE CENTER FOR CAR SERVICES &RES,,,114,1119/26
CUST-0114,RUKN ALQAHWA CAFETERIA,,,115,1120/26
CUST-0115,AYES ABDULRAHMAN,,,116,1121/26
CUST-0116,VKM KALARI TRADITIONAL,,,117,1122/26
CUST-0117,VKM KALARI TRADITIONAL BR 1,,,118,1123/26
CUST-0118,JUN 11 BUILDING,,,119,1124/26
CUST-0119,LA VOGUE EXPERTS POLY CLINIC,,,120,1125/26
CUST-0120,AL ATLAL ROASTRY-BRANCH 3,,,121,1126/26
CUST-0121,MONT CARLOHAIRDERESS SALON,,,122,1127/26
CUST-0122,TAWLAT ALJERAN RESTAURANT,,,123,1128/26
CUST-0123,BRILLIANT INT.PRI.SCHOOL,,,124,1129/26
CUST-0124,BUHAIRAT ADEN CAFETERIA,,,125,1130/26
CUST-0125,MADINAT LIWA SUPERMARKET,,,126,1131/26
CUST-0126,SHAMA GROCERY,,,127,1132/26
CUST-0127,ASJ MANAGMENT,,,128,1133/26
CUST-0128,LONDON BRITISH NURSERY,,,129,1134/26
CUST-0129,AJMAL ALMAS LADIES CENTER,,,130,1135/26
CUST-0130,SAJA SPA FOR MENPERSON COMM,,,131,1136/26
CUST-0131,"H B S L, SAFAD BUILDING",,,132,1137/26
CUST-0132,Accuro Specialist Support Services,,,133,1138/26
CUST-0133,Ghazal Muwaileh Hairdressing Salon,,,134,1139/26
CUST-0134,AWAEL PRINTING PRESS L.L.C,,,135,1140/26
CUST-0135,AL SAMA CAFETERIA,,,136,1141/26
CUST-0136,Rafid for Automotive Solutions LLC,,,137,1142/26
CUST-0137,AL WEDYAN GROCERY,,,138,1143/26
CUST-0138,RAWDHAT AL JAMAL BEAUTY CENTER,,,139,1144/26
CUST-0139,DAR BARAKAH HAIRDRESSING SALON,,,140,1145/26
CUST-0140,OLD CAF - SHJ. BR,,,141,1146/26
CUST-0141,RUKUN AL RAMLAH GENTS SALON,,,142,1147/26
CUST-0142,GOLDEN WORLD GENT SALON,,,143,1148/26
CUST-0143,SHIFA ALJAZEERA MEDICAL.C,,,144,1149/26
CUST-0144,ALI OBAID ALI ALGHAZALI,,,145,1150/26
CUST-0145,ALSADAF ALAHMAR RES.,,,146,1151/26
CUST-0146,MALLAH AL FREEJ CAFETERIA,,,147,1152/26
CUST-0147,Gulf Ice Factory & Cold Storage,,,148,1154/26
CUST-0148,ALMUKHADRAM BODY BUILDNING,,,149,1155/26
CUST-0149,TAREEQ ALSAHRA CAFTERIA,,,150,1156/26
CUST-0150,YANABEE ALWAHA REST.,,,151,1157/26
CUST-0151,ALKHALEEJ FOOD STUFF,,,152,1158/26
CUST-0152,OLD CAF - SHJ. BR,,,153,1159/26
CUST-0153,ALMAKHMAL FOOD STUFF,,,154,1160/26
CUST-0154,JABAL AL KHOOR GROCERY,,,155,1161/26
CUST-0155,DUNES TOWER,,,156,1162/26
CUST-0156,ALQASIMIA HOUSE,,,157,1163/26
CUST-0157,FAISAL TOWER,,,158,1164/26
CUST-0158,GULF ICE FACTORY &COLD STORAGE,,,159,1165/26
CUST-0159,ALWARDH ALSAFRA SUPER MARKET,,,160,1166/26
CUST-0160,AL MANARA ALJAMELA GROCERY,,,161,1167/26
CUST-0161,GULF ICE FACTORY &COLD STORAGE,,,162,1168/26
CUST-0162,AL DHAID MALL,,,163,1169/26
CUST-0163,MANARAT ALQARAIEN GROCERY,,,164,1170/26
CUST-0164,BARAF DESSERTS&COFFEE LLC-SHJ.BR,,,165,1171/26
CUST-0165,AL TANEEN AL ASWAD KARATE,,,166,1172/26
CUST-0166,NAEEMA TOWER,,,167,1173/26
CUST-0167,KHALED J.S.Z ALSERHAN,,,168,1174/26
CUST-0168,YAQUT AL SHAM ROASTRY L.L.C.SP,,,169,1174/26
CUST-0169,SAEED ABDULLA MUFTAH ALKHATE,,,170,1175/26
CUST-0170,AL ROLLA BUILDING,,,171,1176/26
CUST-0171,AL NABBA BUILDING,,,172,1177/26
CUST-0172,NASERIYA BUILDING 1,,,173,1178/26
CUST-0173,SHJ. Alnaseriya /Alsharq,,,174,1179/26
CUST-0174,NASERIYA BUILDING,,,175,1180/26
CUST-0175,Industrial 13 Building,,,176,1181/26
CUST-0176,BU TINA BLDG,,,177,1182/26
CUST-0177,ALSOOR BUILDING,,,178,1183/26
CUST-0178,AL NAHLA REST.,,,179,1184/25
CUST-0179,DAR AL HOSHY LADIES SALON L.L.C,,,180,1185/26
CUST-0180,YARMOOK BLDG,,,181,1186/26
CUST-0181,YARMOOK BUILDING,,,182,1187/26
CUST-0182,MUWAILAH 3649 BLDG,,,183,1188/26
CUST-0183,MUWAILAH 2268 BLDG,,,184,1189/26
CUST-0184,MUWAILAH 1601 BLDG,,,185,1190/26
CUST-0185,MUWAILAH 2157 BLDG,,,186,1191/26
CUST-0186,MAJARAH BUILDING,,,187,1192/26
CUST-0187,MAJARAH BUILDING,,,188,1193/26
CUST-0188,DAR ALMARJAN SWEETS,,,189,1194/26
CUST-0189,EASY LIFE SUPERMARKET,,,190,1195/26
CUST-0190,SHAMS ALNAHDA GENTS SALON,,,191,1196/26
CUST-0191,AL MAWRID PRINTING & ADV. IND.,,,192,1197/26
CUST-0192,NOOR AL QAMAR RES.,,,193,1198/26
CUST-0193,SINA AUTOMATIC BAKERY - BR1,,,194,1199/26
CUST-0194,NAEEMA TOWER,,,195,1200/26
CUST-0195,ALYASMINA REAYLESTATE,,,196,1173/26 duble
CUST-0196,"UMM AL THOAB .U.A Q., U.A.E",,,197,1201/26
CUST-0197,RUKN AL SHWAIHEAN SUPERMARK,,,198,1202/26
CUST-0198,SHAMAAT AL MADEENA RESTAURANT   L.L.C.SP,,,199,1203/26
CUST-0199,SUCCESS POINT SUPPORTIVE EDUCATION SERVICES,,,200,1204/26
CUST-0200,FAYSAL HOSSAIN GROCERY L.L.CSP,,,201,1205/26
CUST-0201,ORIGAMI RESTAURANT LLC,,,202,1206/26
CUST-0202,MOONSLICE RESTAURANT,,,203,1207/26
CUST-0203,AL ATLAL ROASTRY,,,204,1208/26
CUST-0204,BURJ BABIL FOODSTUFF TR L.L.C,,,205,1209/26
CUST-0205,GULF PASTRY SHJ. BR.-BRANCH 1,,,206,1210/26
CUST-0206,ALKHOUD BEAUTY CENTER,,,207,1211/26
CUST-0207,CALICUT NOTE BOOK RESTAURANT,,,208,1212/26
CUST-0208,THE CRUMB CAFE,,,209,1213/26
CUST-0209,CAESARS RESTAURANT &CONFECTIONERY L.L.C-SHJ-BR,,,210,1214/26
CUST-0210,AL SAHM PHARMACY,,,211,1215/26
CUST-0211,Billiard hall&CAFETERIA,,,212,1216/26
CUST-0212,AL AYMEN HAIRDRESSING SALON,,,213,1217/26
CUST-0213,AL AMAAL ENGLISH HIGH SCHOOL (PVT),,,214,1218/26
CUST-0214,AL AKL AL MUMTAZ RESTAURANT L.L.C.SP,,,215,1219/26
CUST-0215,ROYAL TREAT CATERING SERVICES L.L.C,,,216,1220/26
CUST-0216,QATR ALNADA LADIES SALON,,,217,1221/26
CUST-0217,OTRO BEAUTY SALOON AND SPA SHJ.BR,,,218,1222/26
CUST-0218,NIAJARA CAFETERIA,,,219,1223/26
CUST-0219,RETAN BEAUTY CENTER,,,220,1224/26
CUST-0220,ALMARJAN BODY BUILDING,,,221,1225/26
