branch_id,customer_id,address,emirate,gps_lat,gps_lng,source_row
BR-0001,CUST-0001,Aljada /shj,Sharjah,,,2
BR-0002,CUST-0002,"AL NABAM,SHARJAH",Sharjah,,,3
BR-0003,CUST-0003,NATIONAL PAINT  10/06/2025,,,,4
BR-0004,CUST-0004,ALDHAID/SHJ,Sharjah,,,5
BR-0005,CUST-0005,industreial 13/sheihk kh /street,,,,6
BR-0006,CUST-0006,"MUWAILAH ,SHARJAH",Sharjah,,,7
BR-0007,CUST-0007,BONDS ISTIGLAL STREET,,,,8
BR-0008,CUST-0008,ZAHIYA CITY CENTRE,,,,9
BR-0009,CUST-0009,MALIHA ROAD,,,,10
BR-0010,CUST-0010,NAHDA DUBAI,Dubai,,,11
BR-0011,CUST-0011,ABUSHAGARA ESTIGLAL ROAD,,,,12
BR-0012,CUST-0012,INDUSTRIAL 18,,,,13
BR-0013,CUST-0013,HARIA SHJ,Sharjah,,,14
BR-0014,CUST-0014,UMM ALTRAFA SHJ,Sharjah,,,15
BR-0015,CUST-0015,MUWAILIH /SHJ,Sharjah,,,16
BR-0016,CUST-0016,ALNABAA /SHJ,Sharjah,,,17
BR-0017,CUST-0017,SHARJAH/AL NAHDA,Sharjah,,,18
BR-0018,CUST-0018,ALGHUWAIR /SHJ,Sharjah,,,19
BR-0019,CUST-0019,MUWAILEH/SHJ,Sharjah,,,20
BR-0020,CUST-0020,ABOSHAGARA/SHJ,Sharjah,,,21
BR-0021,CUST-0021,ALGHUWAIR /SHJ,Sharjah,,,22
BR-0022,CUST-0022,MUWAILEH /SHJ,Sharjah,,,23
BR-0023,CUST-0023,MUWAILEH,,,,24
BR-0024,CUST-0024,YARMOUK,,,,25
BR-0025,CUST-0025,MUWAILEH,,,,26
BR-0026,CUST-0026,AL MAJAZ,,,,27
BR-0027,CUST-0027,INDUSTRIAL 13,,,,28
BR-0028,CUST-0028,ALFALAH/6,,,,29
BR-0029,CUST-0029,IND 15 SHJ,Sharjah,,,30
BR-0030,CUST-0030,BUTINA/SHJ,Sharjah,,,31
BR-0031,CUST-0031,ABOSHAGARA/SHJ,Sharjah,,,32
BR-0032,CUST-0032,ALABAR /SHJ,Sharjah,,,33
BR-0033,CUST-0033,IND 15 SHJ,Sharjah,,,34
BR-0034,CUST-0034,ALQUWAIR/SHJ,Sharjah,,,35
BR-0035,CUST-0035,MUWAILEH,,,,36
BR-0036,CUST-0036,ALMAJAZ,,,,37
BR-0037,CUST-0037,ALMAJAZ,,,,38
BR-0038,CUST-0038,SAJAA,,,,39
BR-0039,CUST-0039,sajaa,,,,40
BR-0040,CUST-0040,IND 14,,,,41
BR-0041,CUST-0041,aldhaid ceneral region,,,,42
BR-0042,CUST-0042,ALKHALIDIYA /SHJ,Sharjah,,,43
BR-0043,CUST-0043,ALMAJAZ SHJ,Sharjah,,,44
BR-0044,CUST-0044,ALKHAZAN SHJ,Sharjah,,,45
BR-0045,CUST-0045,UMM ALTRAFA SHJ,Sharjah,,,46
BR-0046,CUST-0046,ALMAJAZ,,,,47
BR-0047,CUST-0047,ALKHAN SHJ,Sharjah,,,48
BR-0048,CUST-0048,ALKHAN,,,,49
BR-0049,CUST-0049,ALABAR /SHJ,Sharjah,,,50
BR-0050,CUST-0050,AL KHAN /SHJ,Sharjah,,,51
BR-0051,CUST-0051,SHJ,Sharjah,,,52
BR-0052,CUST-0052,SHJ,Sharjah,,,53
BR-0053,CUST-0053,IND 15 SHJ,Sharjah,,,54
BR-0054,CUST-0054,SAJAA IND /SHJ,Sharjah,,,55
BR-0055,CUST-0055,ALQUWAIR /SHJ,Sharjah,,,56
BR-0056,CUST-0056,MUWAILEH/SHJ,Sharjah,,,57
BR-0057,CUST-0057,MUWAILEH,,,,58
BR-0058,CUST-0058,CENTRAL REGION DHAID,,,,59
BR-0059,CUST-0059,BU TINAH,,,,60
BR-0060,CUST-0060,helwan/shj,Sharjah,,,61
BR-0061,CUST-0061,station shj,Sharjah,,,62
BR-0062,CUST-0062,:MUWAILEH- SHARJAH,Sharjah,,,63
BR-0063,CUST-0063,ALNAHDAH- SHARJAH,Sharjah,,,64
BR-0064,CUST-0064,"Al Wahda Street 1,Sharjah",Sharjah,,,65
BR-0065,CUST-0065,:Corniche st ALmajaz 3,,,,66
BR-0066,CUST-0066,IND 13SHJ,,,,67
BR-0067,CUST-0067,ALMAJAZ/SHJ,Sharjah,,,68
BR-0068,CUST-0068,ALAABAR SHJ,Sharjah,,,69
BR-0069,CUST-0069,ALMAJAZ,,,,70
BR-0070,CUST-0070,"Maliha Road,",,,,71
BR-0071,CUST-0071,UMM AL TRAFA /SHJ,Sharjah,,,72
BR-0072,CUST-0072,SAJAA,,,,73
BR-0073,CUST-0073,ALMAHATTA SHJ,Sharjah,,,74
BR-0074,CUST-0074,ALKHAN SHJ,Sharjah,,,75
BR-0075,CUST-0075,MUWAILEH,,,,76
BR-0076,CUST-0076,SAJAA,,,,77
BR-0077,CUST-0077,SHJ.IND 6,Sharjah,,,78
BR-0078,CUST-0078,SHJIND 18,,,,79
BR-0079,CUST-0079,AJMAN,Ajman,,,80
BR-0080,CUST-0080,ALMAHATTA SHJ,Sharjah,,,81
BR-0081,CUST-0081,MUIWAILEH,,,,82
BR-0082,CUST-0082,HAWASHI /SHJ,Sharjah,,,83
BR-0083,CUST-0083,ALROFAA,,,,84
BR-0084,CUST-0084,ALSHUWAIHEN,,,,85
BR-0085,CUST-0085,ALSAJAA/SHJ,Sharjah,,,86
BR-0086,CUST-0086,ALSHUWAIHEN/SHJ,Sharjah,,,87
BR-0087,CUST-0087,MUWAILEH,,,,88
BR-0088,CUST-0088,D. ALQUSAIS,,,,89
BR-0089,CUST-0089,ALQOUZ,,,,90
BR-0090,CUST-0090,ALBARSHA,,,,91
BR-0091,CUST-0091,MANIPAL,,,,92
BR-0092,CUST-0092,BUSSINES BAY,,,,93
BR-0093,CUST-0093,MUWAILEH,,,,94
BR-0094,CUST-0094,IND -6,,,,95
BR-0095,CUST-0095,MUWAILEH,,,,96
BR-0096,CUST-0096,BUTINAH,,,,97
BR-0097,CUST-0097,DUBAI. al butheena,Dubai,,,98
BR-0098,CUST-0098,AL QUWAIR/SHJ,Sharjah,,,99
BR-0099,CUST-0099,ALKHAN,,,,100
BR-0100,CUST-0100,ALKHAN,,,,101
BR-0101,CUST-0101,Business bay,,,,102
BR-0102,CUST-0102,SHJ.- ALQASIMIA,Sharjah,,,103
BR-0103,CUST-0103,SHJ / MUWAILEH,Sharjah,,,104
BR-0104,CUST-0104,SHJ.- Aboshqara,Sharjah,,,105
BR-0105,CUST-0105,SHJ.- Aboshqara,Sharjah,,,106
BR-0106,CUST-0106,shj ind 6,Sharjah,,,107
BR-0107,CUST-0107,shj ind 1,Sharjah,,,108
BR-0108,CUST-0108,"IND-6, SHARJAH",Sharjah,,,109
BR-0109,CUST-0109,"IND-4, SHARJAH",Sharjah,,,110
BR-0110,CUST-0110,ALMAJAZ/SHJ,Sharjah,,,111
BR-0111,CUST-0111,MUWAILEH,,,,112
BR-0112,CUST-0112,U.A Q,,,,113
BR-0113,CUST-0113,SHJN / HAMRIYAH,,,,114
BR-0114,CUST-0114,SHJ AL GHUWAIR,Sharjah,,,115
BR-0115,CUST-0115,SHJ- IND 11 -SHARJAH,Sharjah,,,116
BR-0116,CUST-0116,SHJ- SHJ- ALMAHATTA,Sharjah,,,117
BR-0117,CUST-0117,SHJ- SHJ- MUWAILEH,Sharjah,,,118
BR-0118,CUST-0118,BU TENA /SHJ,Sharjah,,,119
BR-0119,CUST-0119,ALMANARA -DUBAI,Dubai,,,120
BR-0120,CUST-0120,AL TAAWON/SHJ,Sharjah,,,121
BR-0121,CUST-0121,ABUSHAGARA SHJ,Sharjah,,,122
BR-0122,CUST-0122,ALNAHDA 1,,,,123
BR-0123,CUST-0123,MUWAILEH,,,,124
BR-0124,CUST-0124,NASSERIYA,,,,125
BR-0125,CUST-0125,ALQASMIA,,,,126
BR-0126,CUST-0126,ALSAJAA/SHJ,Sharjah,,,127
BR-0127,CUST-0127,DEIRA -DUBAI,Dubai,,,128
BR-0128,CUST-0128,ALGHUBAIBA/SHJ,Sharjah,,,129
BR-0129,CUST-0129,ABUSHAGARA,,,,130
BR-0130,CUST-0130,MUWAILEH,,,,131
BR-0131,CUST-0131,BU-TINAH,,,,132
BR-0132,CUST-0132,Industrial Area 11,,,,133
BR-0133,CUST-0133,MUWAILEH,,,,134
BR-0134,CUST-0134,AJMAN,Ajman,,,135
BR-0135,CUST-0135,.ESTIQLAL  ST/SHJ,Sharjah,,,136
BR-0136,CUST-0136,"AL WASIT ROAD, AL AZRAA",,,,137
BR-0137,CUST-0137,BU TINAH,,,,138
BR-0138,CUST-0138,ALDHAID,,,,139
BR-0139,CUST-0139,Sharjah –ALghuwair /,Sharjah,,,140
BR-0140,CUST-0140,SHJ/MUWAILEH,Sharjah,,,141
BR-0141,CUST-0141,SHJ/IND 11,Sharjah,,,142
BR-0142,CUST-0142,SHJ–ALMAHATTA,Sharjah,,,143
BR-0143,CUST-0143,SHJ/MUWAILEH,Sharjah,,,144
BR-0144,CUST-0144,ALQULAIAA,,,,145
BR-0145,CUST-0145,SHJ/MUWAILEH,Sharjah,,,146
BR-0146,CUST-0146,SHJ/MUWAILEH,Sharjah,,,147
BR-0147,CUST-0147,"1NDUSTRIAL AREA 3, Dubai",Dubai,,,148
BR-0148,CUST-0148,IND2,,,,149
BR-0149,CUST-0149,ALDARARI SHJ,Sharjah,,,150
BR-0150,CUST-0150,ALFISHT,,,,151
BR-0151,CUST-0151,MEDILE ZONE,,,,152
BR-0152,CUST-0152,SHJ/MUWAILEH,Sharjah,,,153
BR-0153,CUST-0153,BU TINAH,,,,154
BR-0154,CUST-0154,"IND2- SHJ, U.A.E.",Sharjah,,,155
BR-0155,CUST-0155,"AL NAHDA, SHARJAH, U.A.E",Sharjah,,,156
BR-0156,CUST-0156,"ALQASIMIA :, SHARJAH, U.A.E",Sharjah,,,157
BR-0157,CUST-0157,"ALNAHDA :, SHARJAH, U.A.E",Sharjah,,,158
BR-0158,CUST-0158,"IND 11- SHJ, U.A.E.",Sharjah,,,159
BR-0159,CUST-0159,"IND 4- SHJ, U.A.E.",Sharjah,,,160
BR-0160,CUST-0160,"YARMOOK- SHJ,",Sharjah,,,161
BR-0161,CUST-0161,IND.4 SHJ. U.A.E.,Sharjah,,,162
BR-0162,CUST-0162,CENTRAL REGION,,,,163
BR-0163,CUST-0163,SHJ- HOSHI /,Sharjah,,,164
BR-0164,CUST-0164,ALRifa/ Sharjah,Sharjah,,,165
BR-0165,CUST-0165,ALNAHDA/SHJ,Sharjah,,,166
BR-0166,CUST-0166,ALMajarah,,,,167
BR-0167,CUST-0167,BU TINA /SHJ,Sharjah,,,168
BR-0168,CUST-0168,SHJ- HOSHI,Sharjah,,,169
BR-0169,CUST-0169,ALMUSALLA / SHJ,Sharjah,,,170
BR-0170,CUST-0170,SHJ. AL Shuwaihean,Sharjah,,,171
BR-0171,CUST-0171,SHJ. AL NABBA,Sharjah,,,172
BR-0172,CUST-0172,SHJ. Alnaseriya /Alsharq,Sharjah,,,173
BR-0173,CUST-0173,SHJ. Alnaseriya /Alsharq,Sharjah,,,174
BR-0174,CUST-0174,AlNabba: SHJ.,Sharjah,,,175
BR-0175,CUST-0175,SHJ.  Industrial 13,Sharjah,,,176
BR-0176,CUST-0176,SHJ.  BU TINA,Sharjah,,,177
BR-0177,CUST-0177,ALSOOR / SHJ,Sharjah,,,178
BR-0178,CUST-0178,Sharjah –IND.13/,Sharjah,,,179
BR-0179,CUST-0179,SHJ –HOSHI /,Sharjah,,,180
BR-0180,CUST-0180,YARMOOK: SHJ.,Sharjah,,,181
BR-0181,CUST-0181,YARMOOK: SHJ,Sharjah,,,182
BR-0182,CUST-0182,MUWAILAH : SHJ.,Sharjah,,,183
BR-0183,CUST-0183,MUWAILAH : SHJ,Sharjah,,,184
BR-0184,CUST-0184,MUWAILAH : SHJ,Sharjah,,,185
BR-0185,CUST-0185,MUWAILAH : SHJ,Sharjah,,,186
BR-0186,CUST-0186,MAJARAH / SHJ,Sharjah,,,187
BR-0187,CUST-0187,MAJARAH / SHJ,Sharjah,,,188
BR-0188,CUST-0188,ALQUWAIR/SHJ,Sharjah,,,189
BR-0189,CUST-0189,Sharjah – Al quwair,Sharjah,,,190
BR-0190,CUST-0190,Sharjah – Al Nahda,Sharjah,,,191
BR-0191,CUST-0191,"SHJ.-IND-15,",Sharjah,,,192
BR-0192,CUST-0192,"SHJ.-ABU SHAGARA,",Sharjah,,,193
BR-0193,CUST-0193,CENTRAL REGION -ALDHAID,,,,194
BR-0194,CUST-0194,"ALMajarah , SHJ. U.A.E",Sharjah,,,195
BR-0195,CUST-0195,ALNAHDA/SHJ,Sharjah,,,196
BR-0196,CUST-0196,UMM AL THOAB,,,,197
BR-0197,CUST-0197,ALSHUWAIHEAN /SHJ,Sharjah,,,198
BR-0198,CUST-0198,SHJ-IND12 / SHJ. U.A.E,Sharjah,,,199
BR-0199,CUST-0199,SHJ- MUWAILAH/ SHJ . U.A.E,Sharjah,,,200
BR-0200,CUST-0200,SHJ / AL SAJAA,Sharjah,,,201
BR-0201,CUST-0201,ALJADA- COMMERCIAL MUWA,,,,202
BR-0202,CUST-0202,ALJADA- COMMERCIAL MUWA,,,,203
BR-0203,CUST-0203,AL ABAR / SHJ . U.A.E,Sharjah,,,204
BR-0204,CUST-0204,SHJ IND 13/ SHJ . U.A.E,Sharjah,,,205
BR-0205,CUST-0205,COMMERCIAL MUWAILEH,,,,206
BR-0206,CUST-0206,"The Central Region, Al Dhaid",,,,207
BR-0207,CUST-0207,Al Naba'ah / Sharjah,Sharjah,,,208
BR-0208,CUST-0208,ALhooshi  Sharjah-UAE,Sharjah,,,209
BR-0209,CUST-0209,SHJ ALMAJAZ/ SHJ-UAE,Sharjah,,,210
BR-0210,CUST-0210,Central Region - Al Dhaid SHJ-UAE,Sharjah,,,211
BR-0211,CUST-0211,Central Region - Al Dhaid SHJ-UAE,Sharjah,,,212
BR-0212,CUST-0212,SHJ-IND 11- SHJ-UAE,Sharjah,,,213
BR-0213,CUST-0213,SHJ-BU TINAH- SHJ-UAE,Sharjah,,,214
BR-0214,CUST-0214,SHJ-AL MAJAZ/SHJ,Sharjah,,,215
BR-0215,CUST-0215,DUBAI/SHARJAH,,,,216
BR-0216,CUST-0216,SHJ-ALAABAR/SHJ,Sharjah,,,217
BR-0217,CUST-0217,CENTRAL REGION -ALDHAID-,,,,218
BR-0218,CUST-0218,"SHJ- Abu Shagara - SHJ, U.A.E",Sharjah,,,219
BR-0219,CUST-0219,"Shaghrafah 3 - SHJ, U.A.E",Sharjah,,,220
BR-0220,CUST-0220,Sharjah - Al Majaz / Sharjah,Sharjah,,,221
