contract_id,customer_id,contract_number,start_date,start_date_raw,end_date,end_date_raw,contract_value,contract_value_raw,service_frequency,service_frequency_raw,status,source_row
CN-0001,CUST-0001,1330/25,2025-06-15,,2026-06-14,,2400,,Monthly - 2 visits,MONTHLY TWO TIME,Done,2
CN-0002,CUST-0002,1070/25,2025-05-07,,2026-04-07,,,,,,Done,3
CN-0003,CUST-0003,1064/25,2025-10-06,,2026-05-19,,3150,,Monthly - 2 visits,MONTHLY TWO TIMES,,4
CN-0004,CUST-0004,1009/25,2025-07-18,,2026-07-17,,,*** RE,Monthly - 2 visits,MONTHLY TWO TINE,,5
CN-0005,CUST-0005,10014/25,2025-07-25,,2026-07-24,,2520,,Monthly - 2 visits,MONTHLY TWO TIMES,Done,6
CN-0006,CUST-0006,1071/25,2025-07-07,,2026-06-07,,4800,,,,,7
CN-0007,CUST-0007,10015/25,2025-07-28,,2026-07-27,,600,,Monthly - 1 visit,MONTHLY ONE TIME,Waiting,8
CN-0008,CUST-0008,10016/25,,,,,6300,,,,Done,9
CN-0009,CUST-0009,10016/25,2025-07-30,,2026-07-29,,1200,,Monthly - 1 visit,MONTHLY ONE TIME,,10
CN-0010,CUST-0010,10017/25,2025-01-08,,2026-01-08,,7000,,Monthly - 1 visit,MONTHLY ONE TIME,No Need,11
CN-0011,CUST-0011,10018/25,2025-08-01,,2026-07-31,,600,,Monthly - 1 visit,MONTHLY ONE TIME,Done,12
CN-0012,CUST-0012,10019/25,2025-04-08,,2026-03-08,,,1909-11-08 00:00:00,Monthly - 1 visit,MONTHLY ONE TIME,Done,13
CN-0013,CUST-0013,10020/25,2025-01-06,,2026-05-29,,2400,,Monthly - 2 visits,MONTHLY TWO TIMES,,14
CN-0014,CUST-0014,10021/25,2025-01-08,,2026-07-31,,3600,,Monthly - 2 visits,MONTHLY TWO TIMES,Done,15
CN-0015,CUST-0015,10022/25,2025-06-08,,2026-05-08,,,1904-12-04 00:00:00,Monthly - 2 visits,MONTHLY TWO TIMES,Municipality Fine Issue,16
CN-0016,CUST-0016,10023/25,2025-09-08,,2026-08-08,,,1918-08-17 00:00:00,Monthly - 2 visits,MONTHLY TWO TIMES,Done,17
CN-0017,CUST-0017,10023/25,2025-06-08,,2026-05-08,,,1904-12-04 00:00:00,,,Done,18
CN-0018,CUST-0018,10024/25,2025-08-12,,2026-11-08,,3780,,Monthly - 2 visits,MONTHLY TWO TIMES,Done,19
CN-0019,CUST-0019,10025/25,2025-08-13,,2026-12-08,,,1909-11-08 00:00:00,Monthly - 2 visits,MONTHLY TWO TIMES,Done,20
CN-0020,CUST-0020,10026/25,2025-08-13,,2026-12-08,,,****,Monthly - 1 visit,MONTHLY ONE TIMES,Pending,21
CN-0021,CUST-0021,10027/25,2025-08-13,,2026-12-08,,,****,Monthly - 1 visit,MONTHLY ONE TIMES,Pending,22
CN-0022,CUST-0022,10028/25,2025-08-16,,2026-08-15,,1200,,Monthly - 1 visit,MONTHLY ONE TIME,Done,23
CN-0023,CUST-0023,10029/25,2025-08-19,,2026-08-18,,3600,,Monthly - 2 visits,MONTHLY TWO TIMES,Done,24
CN-0024,CUST-0024,10030/25,2025-08-19,,2026-08-18,,3600,,Monthly - 2 visits,MONTHLY TWO TIMES,Done,25
CN-0025,CUST-0025,10031/25,2025-08-19,,2026-08-18,,3600,,Monthly - 2 visits,MONTHLY TWO TIMES,Done,26
CN-0026,CUST-0026,10032/25,2025-08-17,,2026-08-16,,3000,,Monthly - 2 visits,MONTHLY TWO TIMES,Done,27
CN-0027,CUST-0027,10033/25,2025-08-20,,2026-08-19,,8000,,Monthly - 2 visits,MONTHLY TWO TIMES,Done,28
CN-0028,CUST-0028,10034/25,2025-08-20,,2026-08-19,,3600,,Monthly - 2 visits,MONTHLY TWO TIMES,No Need,29
CN-0029,CUST-0029,1035/25,2025-09-08,,2026-08-08,,3000,,Monthly - 1 visit,MONTHLY ONE TIME,Waiting,30
CN-0030,CUST-0030,1036/25,2025-08-25,,2026-08-24,,600,,Monthly - 1 visit,MONTHLY ONE TIME,Done,31
CN-0031,CUST-0031,1037/25,2025-10-01,,2026-08-31,,3000,,Monthly - 1 visit,MONTHLY ONE TIME,Waiting,32
CN-0032,CUST-0032,1038/25,2025-04-07,,2026-03-07,,1440,,Monthly - 1 visit,MONTHLY ONE TIME,Waiting,33
CN-0033,CUST-0033,1039/25,2025-01-08,,2026-01-08,,3600,,Monthly - 1 visit,MONTHLY ONE TIME,Waiting,34
CN-0034,CUST-0034,1040/25,2025-08-28,,2026-08-27,,1050,,Monthly - 2 visits,MONTHLY TWO TIMES,Done,35
CN-0035,CUST-0035,1041/25,2025-04-07,,2026-03-07,,33408,,Monthly - 1 visit,MONTHLY ONE TIME,Waiting,36
CN-0036,CUST-0036,1042/25,2025-08-30,,2026-08-29,,3600,,Monthly - 2 visits,MONTHLY TWO TIMES,Done,37
CN-0037,CUST-0037,1043/25,2025-02-09,,2026-01-09,,1200,,Monthly - 2 visits,MONTHLY TWO TIMES,Done,38
CN-0038,CUST-0038,1044/25,2025-08-09,,2026-07-09,,1200,,Monthly - 2 visits,MONTHLY TWO TIMES,Done,39
CN-0039,CUST-0039,1045/25,2025-08-09,,2026-07-09,,1200,,Monthly - 2 visits,MONTHLY TWO TIMES,Done,40
CN-0040,CUST-0040,1046/25,2026-08-30,,2027-08-29,,2000,,Monthly - 2 visits,MONTHLY TWO TIMES,Done,41
CN-0041,CUST-0041,1047/25,2025-11-09,,2026-10-09,,1200,,Monthly - 1 visit,MONTHLY ONE TIME,Waiting,42
CN-0042,CUST-0042,1048/25,2025-09-13,,2025-12-09,,2400,,Monthly - 1 visit,MONTHLY ONE TIME,Done,43
CN-0043,CUST-0043,1049/25,2025-09-18,,2026-09-17,,600,,Monthly - 1 visit,MONTHLY ONE TIME,Done,44
CN-0044,CUST-0044,1050/25,2025-01-10,,2026-09-30,,3600,,Monthly - 2 visits,MONTHLY TWO TIMES,Done,45
CN-0045,CUST-0045,1051/25,2025-01-10,,2026-09-30,,3600,,Monthly - 2 visits,MONTHLY TWO TIMES,Waiting,46
CN-0046,CUST-0046,1052/25,2025-09-24,,2026-09-23,,3000,,Monthly - 2 visits,MONTHLY TWO TIMES,Done,47
CN-0047,CUST-0047,1053/25,2025-09-24,,2026-09-23,,3780,,Monthly - 2 visits,MONTHLY TWO TIMES,Waiting,48
CN-0048,CUST-0048,1054/25,2025-09-25,,2026-09-24,,1260,,Monthly - 2 visits,MONTHLY TWO TIMES,Done,49
CN-0049,CUST-0049,1055/25,2025-09-26,,2026-09-25,,2205,,Monthly - 2 visits,MONTHLY TWO TIMES,Done,50
CN-0050,CUST-0050,1056/25,2025-01-10,,2026-09-30,,,1200 EACH TREATMENT,Monthly - 1 visit,MONTHLY ONE TIME,Waiting,51
CN-0051,CUST-0051,1057/25,2025-09-22,,2026-09-21,,6300,,Monthly - 1 visit,MONTHLY ONE TIME,Done,52
CN-0052,CUST-0052,1058/25,2025-01-11,,2026-01-11,,6825,,Monthly - 1 visit,MONTHLY ONE TIME,Waiting,53
CN-0053,CUST-0053,1059/25,2025-10-09,,2026-09-09,,3780,,Monthly - 2 visits,MONTHLY TWO TIMES,Done,54
CN-0054,CUST-0054,1060/25,2025-02-10,,2026-01-10,,1260,,Monthly - 2 visits,MONTHLY TWO TIMES,Done,55
CN-0055,CUST-0055,1061/25,2025-03-10,,2026-02-10,,2520,,Monthly - 2 visits,MONTHLY TWO TIMES,Done,56
CN-0056,CUST-0056,1062/25,2025-01-10,,2026-01-10,,3024,,Monthly - 2 visits,MONTHLY TWO TIMES,Done,57
CN-0057,CUST-0057,1063/25,2025-11-10,,2026-10-10,,3780,,Monthly - 2 visits,MONTHLY TWO TIMES,Done,58
CN-0058,CUST-0058,1064/25,2025-10-13,,2026-12-04,,1260,,Monthly - 2 visits,MONTHLY TWO TIMES,Waiting,59
CN-0059,CUST-0059,1065/25,2025-04-30,,2026-04-30,,3937.5,,Monthly - 1 visit,MIONTHLY ONE TIME,Done,60
CN-0060,CUST-0060,1066/25,2025-10-16,,2026-10-15,,2520,,Monthly - 1 visit,MIONTHLY ONE TIME,Waiting,61
CN-0061,CUST-0061,1067/25,2025-10-20,,2026-10-19,,525,,Monthly - 1 visit,MIONTHLY ONE TIME,Done,62
CN-0062,CUST-0062,1068/25,2025-10-27,,2026-10-26,,3780,,Monthly - 2 visits,MIONTHLY two TIME,Waiting,63
CN-0063,CUST-0063,1069/25,2025-10-27,,2026-10-26,,2520,,Monthly - 2 visits,MIONTHLY two TIME,Fine Issue,64
CN-0064,CUST-0064,:1070/25,2025-10-28,,2026-10-27,,5040,,Monthly - 2 visits,MIONTHLY two TIME,Pending,65
CN-0065,CUST-0065,1071/25,2025-01-04,,2026-03-31,,7350,,Monthly - 1 visit,MONTHLY ONE TIME,Waiting,66
CN-0066,CUST-0066,1072/25,2025-01-11,,2026-01-11,,2520,,Monthly - 2 visits,MONTHLY TWO TIMES,Waiting,67
CN-0067,CUST-0067,1073/25,2025-03-11,,2026-02-11,,1260,,Monthly - 2 visits,MONTHLY TWO TIMES,Done,68
CN-0068,CUST-0068,1074/25,2025-01-11,,2026-01-11,,3780,,Monthly - 2 visits,MONTHLY TWO TIMES,Waiting,69
CN-0069,CUST-0069,1075/25,2025-05-11,,2026-04-11,,3780,,Monthly - 2 visits,MONTHLY TWO TIMES,Done,70
CN-0070,CUST-0070,1076/25,2025-06-11,,2026-05-11,,1260,,Monthly - 2 visits,MONTHLY TWO TIMES,Done,71
CN-0071,CUST-0071,1077/25,2025-06-11,,2026-05-11,,1260,,Monthly - 2 visits,MONTHLY TWO TIMES,Done,72
CN-0072,CUST-0072,1078/25,2025-07-11,,2026-06-11,,3780,,Monthly - 2 visits,MONTHLY TWO TIMES,Done,73
CN-0073,CUST-0073,1079/25,2025-11-13,,2026-12-11,,1260,,Monthly - 1 visit,MONTHLY ONE TIME,Done,74
CN-0074,CUST-0074,1080/25,2025-11-18,,2026-11-17,,4536,,Monthly - 2 visits,MONTHLY TWO TIMES,Done,75
CN-0075,CUST-0075,1081/25,2025-11-18,,2026-11-17,,2520,,Monthly - 2 visits,MONTHLY TWO TIMES,Done,76
CN-0076,CUST-0076,1082/25,2025-11-18,,2026-11-17,,525,,Monthly - 1 visit,MONTHLY ONE TIME,Done,77
CN-0077,CUST-0077,1083/25,2025-11-18,,,17/11/20326,3780,,Monthly - 2 visits,MONTHLY TWO TIMES,Done,78
CN-0078,CUST-0078,1084/25,2025-09-11,,2506-08-11,,1000,,Monthly - 1 visit,MONTHLY ONE TIMES,Waiting,79
CN-0079,CUST-0079,1085/25,2025-11-20,,2026-11-19,,320,,,,,80
CN-0080,CUST-0080,1086/25,2025-11-20,,2026-11-19,,525,,Monthly - 1 visit,MONTHLY ONE TIME,Done,81
CN-0081,CUST-0081,1087/25,2025-11-24,,2026-11-23,,525,,Monthly - 1 visit,MONTHLY ONE TIME,Waiting,82
CN-0082,CUST-0082,1088/25,2025-11-24,,2027-11-23,,525,,Monthly - 1 visit,MONTHLY ONE TIME,Done,83
CN-0083,CUST-0083,1089/25,2026-11-24,,2028-11-23,,3780,,Monthly - 2 visits,MONTHLY TWO TIME,Fine Issue,84
CN-0084,CUST-0084,1090/25,2025-11-29,,2026-11-28,,525,,Monthly - 1 visit,MONTHLY ONE TIME,Done,85
CN-0085,CUST-0085,1091/25,2026-11-29,,2027-11-28,,2520,,Monthly - 2 visits,MONTHLY TWO TIME,Waiting,86
CN-0086,CUST-0086,1092/25,2025-04-12,,2026-03-12,,2520,,Monthly - 2 visits,MONTHLY TWO TIME,Fine Issue,87
CN-0087,CUST-0087,1093/25,2025-12-04,,2026-03-12,,3780,,Monthly - 2 visits,MONTHLY TWO TIME,Done,88
CN-0088,CUST-0088,1094/25,2025-05-12,,2026-04-12,,5040,,Monthly - 2 visits,MONTHLY TWO TIME,No Need,89
CN-0089,CUST-0089,1095/25,2025-05-12,,2026-04-12,,5040,,Monthly - 2 visits,MONTHLY TWO TIME,No Need,90
CN-0090,CUST-0090,1096/25,2025-05-12,,2026-04-12,,6300,,Monthly - 2 visits,MONTHLY TWO TIME,No Need,91
CN-0091,CUST-0091,1097/25,2025-05-12,,2026-04-12,,3780,,Monthly - 2 visits,MONTHLY TWO TIME,No Need,92
CN-0092,CUST-0092,1098/25,2025-05-12,,2026-04-12,,3780,,Monthly - 2 visits,MONTHLY TWO TIME,No Need,93
CN-0093,CUST-0093,1099/25,2025-05-12,,2026-04-12,,630,,Monthly - 1 visit,MONTHLY ONE TIME,Done,94
CN-0094,CUST-0094,1100/25,2025-05-12,,2026-04-12,,525,,Monthly - 1 visit,MONTHLY ONE TIM,Done,95
CN-0095,CUST-0095,1101/25,2025-05-12,,2026-04-12,,787.5,,Monthly - 1 visit,MONTHLY ONE TIM,Done,96
CN-0096,CUST-0096,1102/25,2025-09-12,,2026-08-12,,630,,Monthly - 2 visits,MONTHLY TWO TIME,Done,97
CN-0097,CUST-0097,1103/25,2025-10-12,,2026-09-12,,1890,,Monthly - 1 visit,monthly one time,No Need,98
CN-0098,CUST-0098,1104/25,2025-11-12,,2026-10-12,,5040,,Monthly - 2 visits,MONTHLT TWO TIMES,Done,99
CN-0099,CUST-0099,1105/25,2026-01-01,,2027-01-01,,2835,,Monthly - 1 visit,MONTHLY ONE TIME,Done,100
CN-0100,CUST-0100,1106/25,2025-12-16,,2026-12-15,,1575,,Monthly - 2 visits,MONTHLY TWO TIMES,Done,101
CN-0101,CUST-0101,1107/25,2025-12-26,,2026-12-25,,12600,,,,No Need,102
CN-0102,CUST-0102,1108/25,2025-12-26,,2026-12-25,,,****,,,Waiting,103
CN-0103,CUST-0103,1109/25,2025-01-12,,2026-01-12,,1890,,Monthly - 2 visits,MONTHLY WICE,Done,104
CN-0104,CUST-0104,1110/26,2026-03-01,,2027-04-01,,1000,,Monthly - 1 visit,M.ONE TIME,Done,105
CN-0105,CUST-0105,1111/26,2026-05-01,,2027-04-01,,3780,,Monthly - 1 visit,M.ONE TIME,Waiting,106
CN-0106,CUST-0106,1112/26,2026-08-01,,2027-07-01,,1260,,Monthly - 1 visit,M.ONE TIME,Done,107
CN-0107,CUST-0107,1113/26,2026-08-01,,2027-07-01,,1260,,Monthly - 1 visit,M.ONE TIME,Done,108
CN-0108,CUST-0108,1114/26,2026-01-13,,2027-12-01,,1260,,Monthly - 2 visits,M.TWOTIME,Done,109
CN-0109,CUST-0109,1115/26,2026-01-13,,2027-12-02,,1260,,Monthly - 1 visit,M.ONE TIME,Done,110
CN-0110,CUST-0110,1116/26,2026-01-13,,2027-12-02,,13650,,Monthly - 1 visit,M.ONE TIME,Done,111
CN-0111,CUST-0111,1117/26,2026-01-19,,2027-01-18,,2520,,Monthly - 2 visits,M.TWOTIME,Done,112
CN-0112,CUST-0112,1118/26,2026-01-19,,2027-01-18,,3780,,Bi-monthly (every 2 months),EVERY TWO MONTH,No Need,113
CN-0113,CUST-0113,1119/26,2028-01-19,,2027-01-18,,6300,,,,Waiting,114
CN-0114,CUST-0114,1120/26,2026-01-20,,2027-01-19,,2520,,Monthly - 2 visits,M.TWO TIME,Waiting,115
CN-0115,CUST-0115,1121/26,2027-01-20,,2027-01-19,,2142,,Monthly - 1 visit,M.ONE TIME,Waiting,116
CN-0116,CUST-0116,1122/26,2026-01-26,,2027-01-25,,1260,,Monthly - 1 visit,M.ONE TIME,Done,117
CN-0117,CUST-0117,1123/26,2027-01-26,,2027-01-25,,1260,,Monthly - 1 visit,M.ONE TIME,Done,118
CN-0118,CUST-0118,1124/26,2026-01-30,,2027-01-29,,9450,,Monthly - 1 visit,M.ONE TIME,Done,119
CN-0119,CUST-0119,1125/26,2027-01-30,,2027-01-29,,2520,,Monthly - 1 visit,M.ONE TIME,No Need,120
CN-0120,CUST-0120,1126/26,2026-01-02,,2027-01-31,,3780,,Monthly - 2 visits,M.TWO TIME,Waiting,121
CN-0121,CUST-0121,1127/26,2026-05-02,,2027-02-04,,630,,Monthly - 1 visit,M.ONE TIME,Waiting,122
CN-0122,CUST-0122,1128/26,2026-09-02,,2027-08-02,,3780,,Monthly - 2 visits,M.TWO TIMES,Waiting,123
CN-0123,CUST-0123,1129/26,2026-10-02,,2027-09-02,,5040,,,M.TIME,Waiting,124
CN-0124,CUST-0124,1130/26,2026-02-14,,2027-02-13,,1260,,Monthly - 2 visits,M.TWO TIMES,Waiting,125
CN-0125,CUST-0125,1131/26,2026-02-16,,2027-02-15,,2520,,Monthly - 2 visits,M.TWO TIMES,Done,126
CN-0126,CUST-0126,1132/26,2026-02-19,,2027-02-18,,1260,,Monthly - 2 visits,M.TWO TIMES,Municipality Fine Issue,127
CN-0127,CUST-0127,1133/26,2026-01-15,,2027-01-14,,1500,,Monthly - 1 visit,M.ONE TIME,No Need,128
CN-0128,CUST-0128,1134/26,2026-02-25,,2027-02-24,,2520,,Monthly - 1 visit,M.ONE TIME,Fine Issue,129
CN-0129,CUST-0129,1135/26,2026-02-25,,2027-02-24,,1260,,Monthly - 1 visit,M.ONE TIME,Done,130
CN-0130,CUST-0130,1136/26,2026-02-03,,2027-01-03,,1260,,Monthly - 1 visit,M.ONE TIME,Done,131
CN-0131,CUST-0131,1137/26,2026-01-04,,2027-03-31,,3937.5,,Monthly - 1 visit,M.ONE TIME,Done,132
CN-0132,CUST-0132,1138/26,2026-09-03,,2027-08-03,,10800,,Monthly - 1 visit,M.ONE TIME,Waiting,133
CN-0133,CUST-0133,1139/26,2026-09-03,,2027-08-03,,630,,,,Done,134
CN-0134,CUST-0134,1140/26,2026-11-03,,2027-10-03,,3000,,,,No Need,135
CN-0135,CUST-0135,1141/26,2026-10-03,,2027-10-03,,1260,,Monthly - 2 visits,M.TWO TIMES,Done,136
CN-0136,CUST-0136,1142/26,2026-12-03,,2027-11-03,,,,,,Waiting,137
CN-0137,CUST-0137,1143/26,2026-03-12,,2027-11-03,,1260,,Monthly - 2 visits,M.TWO TIMES,Done,138
CN-0138,CUST-0138,1144/26,2026-12-03,,2027-03-13,,1257.5,,Monthly - 1 visit,M.ONE TIME,Waiting,139
CN-0139,CUST-0139,1145/26,2026-03-18,,2027-03-17,,630,,Monthly - 1 visit,M.ONE TIME,Waiting,140
CN-0140,CUST-0140,1146/26,2027-03-18,,2028-03-17,,630,,Monthly - 1 visit,M.ONE TIME,Done,141
CN-0141,CUST-0141,1147/26,2026-03-23,,2027-03-22,,630,,Monthly - 1 visit,M.ONE TIME,Fine Issue,142
CN-0142,CUST-0142,1148/26,2026-03-23,,2027-03-22,,630,,Monthly - 1 visit,M.ONE TIME,Waiting,143
CN-0143,CUST-0143,1149/26,2026-03-28,,2027-03-27,,2835,,,,Waiting,144
CN-0144,CUST-0144,1150/26,2026-03-30,,2027-03-29,,1575,,Monthly - 1 visit,M.ONE TIME,Done,145
CN-0145,CUST-0145,1151/26,2026-03-30,,2027-03-29,,3528,,,,Done,146
CN-0146,CUST-0146,1152/26,2026-03-30,,2027-03-29,,1260,,Monthly - 1 visit,M.ONE TIME,,147
CN-0147,CUST-0147,1154/26,2026-04-01,,2027-03-31,,1365,,Monthly - 1 visit,M.ONE TIME,No Need,148
CN-0148,CUST-0148,1155/26,2026-06-04,,2027-05-04,,1260,,,,Done,149
CN-0149,CUST-0149,1156/26,2026-07-04,,2027-06-04,,1520,,Monthly - 1 visit,M.ONE TIME,,150
CN-0150,CUST-0150,1157/26,2026-07-04,,2027-06-04,,3780,,,,,151
CN-0151,CUST-0151,1158/26,2026-07-04,,2027-06-04,,5670,,Monthly - 1 visit,M.ONE TIME,,152
CN-0152,CUST-0152,1159/26,2026-08-04,,2027-07-04,,3990,,,,Done,153
CN-0153,CUST-0153,1160/26,2026-08-04,,2027-07-04,,2520,,Monthly - 1 visit,M.ONE TIME,Done,154
CN-0154,CUST-0154,1161/26,2026-10-04,,2027-09-04,,601,,,,Fine Issue,155
CN-0155,CUST-0155,1162/26,2026-04-09,,2027-08-04,,8190,,Monthly - 1 visit,M.ONE TIME,Done,156
CN-0156,CUST-0156,1163/26,2026-09-04,,2027-04-08,,7350,,,,Done,157
CN-0157,CUST-0157,1164/26,2026-01-05,,2027-04-30,,21000,,Monthly - 1 visit,M.ONE TIME,Done,158
CN-0158,CUST-0158,1165/26,2026-04-13,,2027-12-04,,4095,,Monthly - 2 visits,M.TWO TIMES,Done,159
CN-0159,CUST-0159,1166/26,2026-04-14,,2027-04-13,,2520,,Monthly - 2 visits,M.TWO TIMES,Waiting,160
CN-0160,CUST-0160,1167/26,2027-04-14,,2027-04-13,,2520,,Monthly - 2 visits,M.TWO TIMES,Done,161
CN-0161,CUST-0161,1168/26,2026-04-16,,2027-04-15,,1365,,Monthly - 2 visits,M.TWO TIMES,Waiting,162
CN-0162,CUST-0162,1169/26,2026-04-16,,2027-04-15,,12600,,Monthly - 2 visits,M.TWO TIMES,Done,163
CN-0163,CUST-0163,1170/26,2026-04-17,,2027-04-16,,2520,,Monthly - 2 visits,M.TWO TIMES,Done,164
CN-0164,CUST-0164,1171/26,2026-04-19,,2027-04-18,,3780,,Monthly - 2 visits,M.TWO TIMES,Waiting,165
CN-0165,CUST-0165,1172/26,2026-04-23,,2027-04-22,,1260,,Monthly - 1 visit,M.ONE TIME,Done,166
CN-0166,CUST-0166,1173/26,2026-04-23,,2027-04-22,,3150,,Monthly - 1 visit,M.ONE TIME,Done,167
CN-0167,CUST-0167,1174/26,2026-01-05,,2027-04-30,,2415,,Monthly - 1 visit,M.ONE TIME,Done,168
CN-0168,CUST-0168,1174/26,2026-12-04,,2027-11-04,,3780,,Monthly - 1 visit,M.ONE TIME,Done,169
CN-0169,CUST-0169,1175/26,2026-12-04,,2027-11-04,,2310,,Monthly - 1 visit,M.ONE TIME,Done,170
CN-0170,CUST-0170,1176/26,2026-12-04,,2027-11-04,,2625,,Monthly - 1 visit,M.ONE TIME,Done,171
CN-0171,CUST-0171,1177/26,2026-12-04,,2027-11-04,,2625,,,,Waiting,172
CN-0172,CUST-0172,1178/26,2026-12-04,,2027-11-04,,2625,,Monthly - 1 visit,M.ONE TIME,Done,173
CN-0173,CUST-0173,1179/26,2026-12-04,,2027-11-04,,2625,,,,Waiting,174
CN-0174,CUST-0174,1180/26,2026-04-16,,2027-04-15,,2625,,Monthly - 1 visit,M.ONE TIME,Done,175
CN-0175,CUST-0175,1181/26,2026-04-13,,2027-12-04,,2205,,,,Done,176
CN-0176,CUST-0176,1182/26,2026-12-04,,2027-11-04,,2625,,Monthly - 1 visit,M.ONE TIME,Waiting,177
CN-0177,CUST-0177,1183/26,2026-04-15,,2027-04-14,,2625,,,,Done,178
CN-0178,CUST-0178,1184/25,2026-01-05,,2027-04-30,,2520,,Monthly - 2 visits,M.TWO TIME,Waiting,179
CN-0179,CUST-0179,1185/26,2026-01-05,,2027-04-30,,630,,,,Done,180
CN-0180,CUST-0180,1186/26,2026-01-05,,2027-04-30,,2205,,Monthly - 1 visit,M.ONE TIME,Done,181
CN-0181,CUST-0181,1187/26,2026-01-05,,2027-04-30,,2205,,,,Done,182
CN-0182,CUST-0182,1188/26,2026-01-05,,2027-04-30,,2415,,Monthly - 1 visit,M.ONE TIME,Done,183
CN-0183,CUST-0183,1189/26,2026-01-05,,2027-04-30,,2415,,,,Done,184
CN-0184,CUST-0184,1190/26,2026-01-05,,2027-04-30,,2415,,Monthly - 1 visit,M.ONE TIME,Done,185
CN-0185,CUST-0185,1191/26,2026-01-05,,2027-04-30,,2415,,,,Done,186
CN-0186,CUST-0186,1192/26,2026-01-05,,2027-04-30,,2100,,Monthly - 1 visit,M.ONE TIME,Done,187
CN-0187,CUST-0187,1193/26,2026-01-05,,2027-04-30,,2100,,,,Done,188
CN-0188,CUST-0188,1194/26,2026-04-30,,2027-04-29,,2520,,Monthly - 2 visits,M.TWO TIMES,Waiting,189
CN-0189,CUST-0189,1195/26,2026-04-30,,2027-04-29,,2520,,Monthly - 2 visits,M. TWO TIMES,Waiting,190
CN-0190,CUST-0190,1196/26,2026-04-30,,2027-04-29,,1260,,Monthly - 1 visit,M.ONE TIME,Waiting,191
CN-0191,CUST-0191,1197/26,2026-04-29,,2027-04-28,,3600,,Monthly - 1 visit,M.ONE TIME,Waiting,192
CN-0192,CUST-0192,1198/26,2026-05-05,,2027-04-05,,3780,,Monthly - 2 visits,M.TWO TIME,Done,193
CN-0193,CUST-0193,1199/26,2026-06-05,,2027-05-05,,30240,,Monthly - 2 visits,M. TWO TIMES,Waiting,194
CN-0194,CUST-0194,1200/26,2026-04-23,,2027-04-22,,3150,,Monthly - 1 visit,M.ONE TIME,Done,195
CN-0195,CUST-0195,1173/26 duble,2026-01-05,,,30/04/20217,5040,,Monthly - 1 visit,M.ONE TIME,Done,196
CN-0196,CUST-0196,1201/26,2026-08-05,,2027-07-05,,12600,,Monthly - 1 visit,M.ONE TIME,No Need,197
CN-0197,CUST-0197,1202/26,2026-05-16,,2027-05-15,,2520,,Monthly - 2 visits,M. TWO TIMES,Done,198
CN-0198,CUST-0198,1203/26,2026-05-16,,2027-05-15,,5040,,Monthly - 2 visits,M.TWO TIMES,Done,199
CN-0199,CUST-0199,1204/26,2026-05-22,,2027-05-21,,1050,,Monthly - 1 visit,M.ONE TIME,Done,200
CN-0200,CUST-0200,1205/26,2026-05-25,,2027-05-24,,2520,,Monthly - 2 visits,M .TWO TIMES,Done,201
CN-0201,CUST-0201,1206/26,,11/60/2026,2027-10-06,,6048,,Monthly - 2 visits,M .TWO TIMES,Waiting,202
CN-0202,CUST-0202,1207/26,,14/60/2026,2027-06-13,,6048,,Monthly - 2 visits,M .TWO TIMES,Waiting,203
CN-0203,CUST-0203,1208/26,,08/60/2026,2027-07-06,,3780,,Monthly - 2 visits,M .TWO TIMES,Waiting,204
CN-0204,CUST-0204,1209/26,2026-01-06,,2027-05-31,,3150,,Monthly - 2 visits,M .TWO TIMES,Done,205
CN-0205,CUST-0205,1210/26,2026-01-06,,2027-05-31,,3780,,Monthly - 2 visits,M .TWO TIMES,Waiting,206
CN-0206,CUST-0206,1211/26,2026-11-06,,2027-10-06,,1575,,Monthly - 1 visit,M.ONE TIME,Waiting,207
CN-0207,CUST-0207,1212/26,2026-06-15,,2027-06-14,,6804,,Monthly - 2 visits,M.Two TIMES,Done,208
CN-0208,CUST-0208,1213/26,2026-06-07,,2026-05-07,,6804,,Monthly - 2 visits,M.Two TIMES,Waiting,209
CN-0209,CUST-0209,1214/26,2026-06-07,,2027-07-05,,6300,,Monthly - 2 visits,M.Two TIMES,Done,210
CN-0210,CUST-0210,1215/26,2026-07-07,,2027-06-07,,1260,,Monthly - 1 visit,M.ONE TIME,Waiting,211
CN-0211,CUST-0211,1216/26,2026-07-07,,2027-06-07,,3780,,Monthly - 2 visits,M. TWO TIMES,Waiting,212
CN-0212,CUST-0212,1217/26,2026-07-13,,2027-12-07,,1260,,Monthly - 1 visit,M.ONE TIME,Waiting,213
CN-0213,CUST-0213,1218/26,2026-07-13,,2027-12-07,,8820,,Monthly - 1 visit,M.ONE TIME,Done,214
CN-0214,CUST-0214,1219/26,2026-07-17,,2027-07-16,,2520,,Monthly - 2 visits,M. TWO TIMES,Done,215
CN-0215,CUST-0215,1220/26,2026-07-17,,2027-07-16,,6300,,Monthly - 2 visits,M. TWO TIMES,Waiting,216
CN-0216,CUST-0216,1221/26,2026-07-17,,2027-07-16,,1260,,Monthly - 1 visit,M.ONE TIME,Done,217
CN-0217,CUST-0217,1222/26,2026-07-17,,2027-07-16,,1890,,Monthly - 2 visits,M.TWO TIMES,Waiting,218
CN-0218,CUST-0218,1223/26,2026-07-17,,2027-07-16,,2520,,Monthly - 2 visits,M.TWO TIMES,Done,219
CN-0219,CUST-0219,1224/26,2026-07-22,,2027-07-21,,1638,,Monthly - 1 visit,M.ONE TIME,Waiting,220
CN-0220,CUST-0220,1225/26,2026-07-22,,2027-07-21,,1890,,Monthly - 1 visit,M.ONE TIME,Waiting,221
